customer_id,name,email,purchase_amount,purchase_date
1,Andrew,ahubbucke0@discovery.com,926,2023-05-02
2,Kristos,kchappell1@delicious.com,33,2023-08-02
3,Camella,ctrevascus2@smugmug.com,515,2023-06-08
4,Dorolisa,dcousens3@people.com.cn,36,2023-07-19
5,Germaine,gnovill4@hubpages.com,510,2023-11-19
6,Emelda,elowerson5@goo.ne.jp,36,2022-11-29
7,Boigie,bkrauss6@telegraph.co.uk,975,2023-01-29
8,Benny,bburgess7@springer.com,37,2023-04-29
9,Rube,rsenter8@hubpages.com,238,2023-10-25
10,Odo,ocrain9@youtu.be,778,2023-05-23
11,Brnaby,bvedeniktova@comsenz.com,353,2023-08-22
12,Avril,acaserb@icio.us,494,2023-07-25
13,Dierdre,dsagerc@webmd.com,861,2023-01-16
14,Dickie,dpygottd@digg.com,331,2023-08-07
15,Haslett,hbohline@tumblr.com,351,2023-04-02
16,Moises,mvlachf@webs.com,364,2023-09-11
17,Dorita,dnewlyng@goo.gl,544,2023-05-24
18,Davy,dmacpikeh@goodreads.com,900,2023-03-25
19,Arlan,amingardoi@unicef.org,572,2023-04-27
20,Wynny,wblasij@list-manage.com,538,2023-08-25
21,Eleanora,ehanburryk@pen.io,849,2023-11-08
22,Daren,dfitzharrisl@rambler.ru,251,2023-05-31
23,Zorine,zfawdreym@mozilla.org,666,2023-04-03
24,Giselle,gseedsn@mapy.cz,918,2023-06-23
25,Merlina,mhavilleo@shop-pro.jp,629,2023-04-03
26,Leanora,lkissackp@house.gov,747,2023-10-13
27,Britni,bpedreschiq@ocn.ne.jp,442,2023-04-01
28,Merle,mblackwoodr@rediff.com,409,2023-03-13
29,Cosmo,cvillages@github.com,705,2023-06-04
30,Tucker,tchallint@github.com,641,2023-03-31
31,Garrik,gdunkleyu@yahoo.co.jp,511,2022-12-14
32,Clair,claisterv@reuters.com,424,2023-03-15
33,Elysia,ecrasfordw@elegantthemes.com,226,2023-07-01
34,Marc,msmyleyx@ameblo.jp,54,2022-11-25
35,Shaun,sconechiey@webs.com,727,2023-09-10
36,Ernest,ebharz@dmoz.org,107,2023-08-29
37,Emmery,ehaacker10@constantcontact.com,214,2023-09-12
38,Nahum,nphillipson11@live.com,832,2023-06-18
39,Filippa,fhernik12@zdnet.com,230,2022-12-27
40,Miller,mpresdie13@phpbb.com,699,2023-02-15
41,Lanette,lstile14@trellian.com,447,2022-11-27
42,Ganny,ggrut15@github.io,559,2023-02-11
43,Kial,kcollabine16@nba.com,606,2023-01-15
44,Kilian,ksecombe17@free.fr,854,2022-11-30
45,Clayson,cpaddefield18@disqus.com,733,2022-12-13
46,Avery,abiasioli19@japanpost.jp,600,2023-02-19
47,Teddy,tblower1a@alexa.com,209,2023-08-14
48,Collie,cbarten1b@barnesandnoble.com,608,2022-11-30
49,Biddy,bdrury1c@amazon.de,625,2023-08-22
50,Elena,echarlotte1d@oaic.gov.au,209,2023-03-27
51,Drugi,dvurley1e@icio.us,545,2023-03-16
52,Lowe,lwoodward1f@nifty.com,416,2023-06-13
53,Fairlie,fmcnamee1g@amazon.de,64,2023-08-24
54,Wenda,wkerss1h@odnoklassniki.ru,126,2023-10-10
55,Renie,rgolsworthy1i@netlog.com,367,2023-08-17
56,Haley,hgarnson1j@fastcompany.com,683,2023-05-28
57,Brandtr,bshorto1k@google.cn,121,2023-09-28
58,Almeda,akubicka1l@adobe.com,267,2023-08-23
59,Susannah,sdoul1m@parallels.com,540,2023-08-28
60,Ann,ailymanov1n@t-online.de,866,2023-06-02
61,Magdalene,mtodarello1o@usgs.gov,353,2022-12-22
62,Deina,dthacke1p@flickr.com,112,2023-04-23
63,Ermanno,eweldrake1q@ihg.com,472,2023-11-06
64,Pippy,pbirbeck1r@google.fr,303,2023-10-23
65,Gordon,gbanbrook1s@exblog.jp,135,2023-07-18
66,Langston,lhughman1t@moonfruit.com,113,2023-10-26
67,Shel,sloving1u@home.pl,14,2023-08-30
68,Thomasin,tingram1v@ucsd.edu,939,2023-02-21
69,Gabi,gguilder1w@over-blog.com,637,2023-03-10
70,Abbye,ajosefsohn1x@istockphoto.com,858,2023-10-30
71,Orton,odavid1y@quantcast.com,679,2023-11-01
72,Ciel,ckenelin1z@ocn.ne.jp,579,2023-10-01
73,Malvina,mrupel20@google.co.jp,262,2023-01-14
74,Livvyy,lmartin21@fc2.com,735,2023-10-13
75,Emilia,egillard22@cnet.com,858,2023-05-22
76,Anderea,aspurrior23@mac.com,112,2023-06-16
77,Tessie,tsparrowe24@about.com,3,2023-01-13
78,Lanie,lmartynka25@yolasite.com,115,2023-03-27
79,Wyn,wabbie26@admin.ch,458,2023-06-26
80,Clementius,cbantham27@about.me,904,2023-09-14
81,Colette,cdodshun28@deliciousdays.com,242,2023-10-28
82,Timmie,trickards29@ox.ac.uk,510,2023-01-20
83,Kora,klavender2a@scientificamerican.com,744,2023-10-14
84,Milka,mrickeard2b@huffingtonpost.com,539,2023-07-10
85,Issy,istonary2c@jimdo.com,128,2023-02-14
86,Constantina,cwillmott2d@multiply.com,799,2023-10-11
87,Bondie,bgiorgio2e@quantcast.com,214,2023-10-25
88,Titos,tbearcroft2f@wunderground.com,4,2023-08-10
89,Estella,emulvin2g@freewebs.com,657,2023-03-16
90,Sybil,srieger2h@nps.gov,766,2023-10-05
91,Gustavus,gsamples2i@creativecommons.org,682,2023-03-03
92,Donnajean,dredihalgh2j@boston.com,524,2023-04-12
93,Ingeborg,ipallas2k@unicef.org,675,2023-03-04
94,Simon,sgiannazzo2l@privacy.gov.au,540,2023-01-02
95,Mariya,mmapston2m@webmd.com,478,2023-10-26
96,Morganica,mnigh2n@naver.com,851,2023-11-14
97,Amalee,agrealish2o@meetup.com,12,2023-09-14
98,Krystalle,kkabsch2p@webs.com,36,2023-05-31
99,Banky,bwinfred2q@disqus.com,235,2022-11-23
100,Bili,bgrisenthwaite2r@prnewswire.com,670,2023-06-30
101,Rebeka,rtrengrouse2s@baidu.com,339,2023-06-30
102,Adrienne,aysson2t@hatena.ne.jp,165,2023-03-29
103,Gretchen,gleachman2u@walmart.com,395,2022-11-30
104,Cairistiona,cassender2v@miibeian.gov.cn,229,2023-11-20
105,Linette,lglanister2w@arstechnica.com,920,2023-09-02
106,Cos,ctreacy2x@wikia.com,198,2023-10-26
107,Batholomew,beve2y@google.co.uk,434,2023-01-01
108,Linn,lwagen2z@nymag.com,186,2022-12-20
109,Rosabelle,rgarnsworthy30@vinaora.com,325,2023-04-03
110,Rebeka,rphuprate31@theguardian.com,525,2023-04-26
111,Evyn,emendel32@is.gd,505,2023-07-22
112,Cherida,ctebbut33@un.org,201,2023-02-26
113,Nelli,npomphrett34@slideshare.net,477,2023-08-15
114,Frasco,fsuttling35@php.net,579,2023-05-18
115,Osbourn,oyokel36@mit.edu,111,2022-11-26
116,Jacinta,jkraut37@cbslocal.com,370,2023-11-06
117,Beverley,bpickford38@google.pl,448,2023-10-15
118,Bertrando,bfrancioli39@google.pl,872,2023-10-09
119,Heather,hcowlard3a@etsy.com,375,2023-08-30
120,Germaine,gstanex3b@yellowpages.com,556,2023-06-01
121,Hanan,hfyldes3c@cbslocal.com,738,2023-10-25
122,Darcy,dnetley3d@vistaprint.com,584,2022-12-16
123,Bond,btrivett3e@pen.io,46,2022-12-15
124,Susan,strundle3f@addthis.com,905,2023-10-30
125,Veronika,vlovie3g@bluehost.com,867,2023-08-11
126,Walker,wmacconnechie3h@berkeley.edu,667,2023-03-14
127,Ashely,awedderburn3i@google.co.jp,327,2023-09-27
128,Kata,kpeeters3j@hostgator.com,659,2023-08-07
129,Dusty,dpothecary3k@lulu.com,141,2023-02-04
130,Melessa,mleithgoe3l@blogtalkradio.com,428,2023-08-22
131,Demetre,dible3m@va.gov,330,2023-07-02
132,Jeana,jbelvard3n@ucla.edu,686,2023-04-04
133,Jose,jvelten3o@whitehouse.gov,676,2023-01-17
134,Charil,ccaplin3p@dyndns.org,600,2023-04-01
135,Tully,tmoy3q@mac.com,86,2023-05-21
136,Amalee,ableazard3r@yahoo.co.jp,269,2023-06-09
137,Blanche,bsellens3s@liveinternet.ru,985,2023-11-18
138,Chance,cwhyteman3t@networkadvertising.org,855,2023-09-02
139,Vita,vdrayn3u@topsy.com,336,2023-01-16
140,Margie,mvanyashin3v@netscape.com,337,2023-08-30
141,Kelsey,kgealle3w@dailymotion.com,785,2023-05-29
142,Shepherd,sboyall3x@chicagotribune.com,777,2023-01-10
143,Ketti,kciobutaru3y@cargocollective.com,334,2023-01-03
144,Bridgette,bskamal3z@yale.edu,275,2022-12-05
145,Nelli,nhowerd40@rakuten.co.jp,976,2023-11-15
146,Davine,ddwight41@statcounter.com,416,2022-12-24
147,Erek,epemble42@google.ca,954,2023-09-27
148,Bobbie,bstanyan43@mapquest.com,510,2022-12-20
149,Carlota,cbruins44@toplist.cz,795,2023-07-28
150,Ginelle,gbulch45@usgs.gov,919,2023-04-05
151,Rosie,rpalatino46@issuu.com,714,2022-12-15
152,Kelila,kgebb47@networkadvertising.org,984,2023-07-31
153,Corrine,cmchirrie48@miitbeian.gov.cn,854,2023-08-02
154,Dayle,dpavelka49@macromedia.com,409,2022-12-08
155,Abraham,adahlborg4a@blogspot.com,836,2023-09-26
156,Claus,cwomack4b@t.co,643,2023-09-14
157,Lilia,lgahagan4c@baidu.com,595,2023-03-12
158,Juana,jgilstoun4d@accuweather.com,442,2023-05-17
159,Ivar,idipple4e@apple.com,858,2023-06-30
160,Margeaux,moakman4f@yale.edu,767,2023-07-16
161,Jilly,jluard4g@adobe.com,683,2023-04-24
162,Justina,jguilloneau4h@hubpages.com,589,2023-11-17
163,Adela,ajimmes4i@ft.com,621,2023-08-04
164,Dulcinea,dhadgkiss4j@skyrock.com,349,2023-07-04
165,Druci,dphillpotts4k@virginia.edu,349,2023-06-05
166,Dulce,djaquemar4l@vistaprint.com,702,2023-06-02
167,Coretta,cbernhard4m@bing.com,584,2023-01-06
168,Daryl,dwhile4n@wired.com,476,2023-08-23
169,Britte,bcarratt4o@skype.com,879,2023-08-02
170,Baxy,bloachhead4p@youku.com,590,2022-12-16
171,Thomasina,tlogue4q@seattletimes.com,383,2023-09-07
172,Ramonda,rwinpenny4r@tripadvisor.com,624,2023-03-14
173,Fidole,fmonelli4s@weather.com,214,2023-05-20
174,Davina,docooney4t@technorati.com,491,2022-12-14
175,Rafaello,rskipton4u@cloudflare.com,966,2023-04-25
176,Chloris,ctoquet4v@ustream.tv,402,2023-01-04
177,Carolan,cshera4w@craigslist.org,834,2023-07-06
178,Manuel,mdeblasiis4x@microsoft.com,698,2023-01-31
179,Theobald,tdominici4y@cargocollective.com,54,2023-06-19
180,Drugi,dbarkess4z@nyu.edu,714,2023-11-19
181,Marni,mwitch50@bloglovin.com,335,2023-05-18
182,Mufinella,mmallen51@google.pl,338,2023-06-29
183,Berty,btitherington52@joomla.org,211,2023-10-11
184,Byrle,baristide53@ucoz.ru,764,2022-12-24
185,Merry,mostick54@moonfruit.com,719,2023-09-18
186,Sydney,sashlee55@4shared.com,880,2023-11-16
187,Georgeanna,gmaestro56@nature.com,896,2023-08-06
188,Nicolai,npinar57@gnu.org,529,2023-01-07
189,Melinde,msherborn58@github.com,394,2022-12-14
190,Devina,daldus59@nsw.gov.au,940,2023-10-12
191,Bunny,btolchar5a@creativecommons.org,2,2022-12-21
192,Pincas,pfarfull5b@csmonitor.com,62,2023-02-20
193,Kara-lynn,kclaughton5c@parallels.com,944,2022-12-04
194,Peterus,ppanther5d@pcworld.com,377,2023-04-03
195,Helen-elizabeth,hcawthery5e@naver.com,361,2023-06-12
196,Stanislaw,shandrock5f@lulu.com,425,2023-03-14
197,Nikolos,nbaddoe5g@t-online.de,328,2023-04-26
198,Corabel,colyhane5h@addthis.com,623,2023-06-13
199,Lilas,lmcpike5i@mac.com,609,2023-01-09
200,Teodoro,tbeviss5j@geocities.jp,377,2022-11-25
201,Gino,gjoiner5k@timesonline.co.uk,501,2023-05-08
202,Gwyn,gcoste5l@ed.gov,673,2023-01-08
203,Agnesse,aagneau5m@nytimes.com,667,2023-03-29
204,Kirby,kbewshire5n@census.gov,66,2023-07-23
205,Myrwyn,mcritchard5o@dailymail.co.uk,961,2023-05-06
206,Donella,dbolstridge5p@arizona.edu,174,2023-07-28
207,Federica,fgolborn5q@infoseek.co.jp,699,2022-12-13
208,Meade,mpeinton5r@tripadvisor.com,238,2023-02-04
209,Federica,fkarby5s@yandex.ru,136,2023-04-11
210,Tye,tdeangelo5t@hp.com,520,2023-10-22
211,Wallache,wbessey5u@jalbum.net,302,2023-01-07
212,Shaylah,swhetnall5v@php.net,597,2023-02-15
213,Shell,skmiec5w@unicef.org,680,2023-09-23
214,Marilin,mjoint5x@hao123.com,935,2023-09-14
215,Callean,cpeat5y@google.co.jp,392,2023-05-06
216,Jennette,jgodlee5z@de.vu,379,2023-09-03
217,Vida,vcolthurst60@mac.com,216,2023-11-13
218,Arluene,anorrie61@earthlink.net,842,2023-05-02
219,Cindelyn,csabate62@livejournal.com,920,2023-04-21
220,Jess,jdike63@e-recht24.de,513,2023-08-13
221,Tabbatha,tsorbey64@addtoany.com,751,2023-01-27
222,Leoine,linwood65@blog.com,205,2023-04-04
223,Ewell,ebirchner66@instagram.com,432,2023-08-13
224,Charil,czealander67@vistaprint.com,479,2023-11-03
225,Martelle,mcollomosse68@upenn.edu,600,2023-09-11
226,Lani,lelcock69@intel.com,617,2023-03-27
227,Whitney,wbernini6a@webnode.com,556,2023-10-06
228,Gun,glucchi6b@zimbio.com,434,2023-04-10
229,Gilda,gcapeling6c@opera.com,971,2023-03-06
230,Federico,fsampson6d@1688.com,775,2023-06-08
231,Halsey,hvinnicombe6e@sohu.com,155,2023-02-25
232,Cristian,ckassman6f@noaa.gov,579,2023-06-19
233,Avigdor,azamboniari6g@amazon.co.uk,103,2023-06-06
234,Marchelle,meastbury6h@prnewswire.com,479,2023-08-03
235,Toddie,tlidgertwood6i@apache.org,49,2023-07-02
236,Francene,fbarthram6j@nature.com,5,2023-10-17
237,Drucie,dhagger6k@auda.org.au,579,2023-10-21
238,Warner,wallport6l@wordpress.org,951,2022-11-26
239,Carlin,cconroy6m@wordpress.com,611,2023-04-29
240,Roseann,rleeson6n@addthis.com,981,2023-02-06
241,Boot,blibrey6o@merriam-webster.com,700,2023-06-12
242,Somerset,sdavidove6p@cargocollective.com,410,2023-04-17
243,Giles,gcolquit6q@amazon.co.uk,744,2022-12-13
244,Elnar,ejone6r@is.gd,313,2022-12-13
245,De,doccleshaw6s@youtu.be,417,2023-11-02
246,Ira,ilambell6t@cargocollective.com,954,2023-11-07
247,Tobias,tweeks6u@cnet.com,434,2023-03-03
248,Simona,slanham6v@google.com.au,151,2023-02-07
249,Jonie,jquadri6w@dailymotion.com,153,2023-09-30
250,Jarib,jvanderkruijs6x@howstuffworks.com,825,2023-02-10
251,Birch,boshevlan6y@elpais.com,366,2023-11-11
252,Olivero,ocoppenhall6z@skype.com,88,2023-09-17
253,Ansley,acolliss70@indiatimes.com,5,2023-09-18
254,Odey,ogosse71@stanford.edu,692,2023-03-24
255,Allen,agrubb72@yahoo.co.jp,956,2023-08-08
256,Elise,eblaschek73@cmu.edu,793,2023-07-09
257,Maxie,mkitchingman74@smh.com.au,748,2023-08-29
258,Morgun,melsbury75@hubpages.com,484,2023-05-07
259,Vivyanne,vgornal76@auda.org.au,148,2023-02-06
260,Chandler,cwiper77@wix.com,804,2023-10-25
261,Luca,lheckle78@imageshack.us,474,2023-11-17
262,Bee,bjaggli79@home.pl,690,2023-02-25
263,Eolande,emacredmond7a@hud.gov,871,2023-01-28
264,Dorene,dmereweather7b@kickstarter.com,228,2022-11-28
265,Ansley,ajojic7c@drupal.org,719,2023-10-19
266,Nada,nmctaggart7d@google.co.uk,544,2023-05-21
267,Felic,fbusain7e@ezinearticles.com,163,2023-04-20
268,Huberto,hbauldry7f@moonfruit.com,119,2022-12-14
269,Artemas,acolegate7g@statcounter.com,363,2023-01-29
270,Sela,smargerison7h@theatlantic.com,406,2023-07-30
271,Emmalyn,echesworth7i@webmd.com,127,2023-07-23
272,Winifield,wmacon7j@tuttocitta.it,290,2023-04-04
273,Rafaelita,rwonfar7k@yelp.com,698,2023-01-14
274,Johnette,josesnane7l@house.gov,764,2023-06-23
275,Melisa,mlinder7m@biblegateway.com,509,2023-05-30
276,Corey,cmeneo7n@bing.com,136,2023-06-19
277,Sharline,svaen7o@exblog.jp,109,2023-01-28
278,Adelle,aratlee7p@telegraph.co.uk,53,2023-08-31
279,Kerrin,kpinchbeck7q@e-recht24.de,312,2023-03-25
280,Charil,cheyns7r@slideshare.net,958,2023-10-19
281,Gianna,gblees7s@oracle.com,465,2023-09-28
282,Vinnie,vmar7t@goodreads.com,725,2023-08-05
283,Mindy,mstapleford7u@rediff.com,364,2023-05-09
284,Annmaria,acreaser7v@wikia.com,894,2022-12-17
285,Durward,dbarwick7w@yellowpages.com,579,2023-09-22
286,Cathe,cvockings7x@ask.com,396,2023-04-23
287,Janis,jduigan7y@miitbeian.gov.cn,665,2023-04-03
288,Julina,jgildea7z@mozilla.org,614,2023-05-04
289,Indira,icosti80@elpais.com,32,2023-04-22
290,Laetitia,lvivash81@walmart.com,285,2023-07-08
291,Nobe,npitcher82@ustream.tv,812,2023-09-13
292,Doyle,dtanser83@time.com,689,2023-04-19
293,Brina,bbrim84@printfriendly.com,741,2023-06-16
294,Peggi,pmardell85@creativecommons.org,789,2023-04-08
295,Arlin,agiovanardi86@google.fr,671,2022-12-06
296,Daveta,druddlesden87@aol.com,917,2023-02-03
297,Angus,abennell88@barnesandnoble.com,119,2023-10-14
298,Flss,flaye89@xrea.com,522,2023-10-01
299,Natividad,nsavin8a@jugem.jp,409,2023-10-30
300,Rollo,rgrosvener8b@people.com.cn,808,2023-06-21
301,Wheeler,wlarne8c@bloglovin.com,897,2022-11-24
302,Shoshana,simore8d@ucoz.com,889,2023-05-23
303,Archer,abrenston8e@nps.gov,13,2023-05-22
304,Corey,canear8f@gov.uk,143,2023-10-12
305,Austine,abowfin8g@eepurl.com,663,2023-08-10
306,Elvin,ecastanie8h@g.co,961,2023-08-03
307,Gustie,gdouglass8i@ibm.com,159,2022-12-16
308,Rhody,rdowngate8j@wix.com,426,2023-07-28
309,Eleen,ehecks8k@virginia.edu,506,2023-03-27
310,Arte,avaughan8l@bigcartel.com,159,2023-08-14
311,Delly,dfenwick8m@themeforest.net,782,2023-10-09
312,Tammy,tbendtsen8n@discuz.net,708,2023-05-05
313,Delia,dbrickham8o@netvibes.com,852,2023-04-26
314,Chicky,cjobbins8p@php.net,400,2023-09-06
315,Shae,sbeert8q@themeforest.net,313,2022-12-15
316,Antone,aubsdale8r@huffingtonpost.com,828,2023-11-06
317,Raquel,rcrosio8s@blinklist.com,457,2023-02-16
318,Marcello,mmacneilly8t@rakuten.co.jp,10,2023-03-09
319,Valencia,vantliff8u@gravatar.com,370,2023-11-09
320,Graig,gcolcutt8v@engadget.com,299,2023-05-19
321,Clarinda,celintune8w@cornell.edu,826,2023-06-06
322,Codee,cdelloyd8x@time.com,491,2023-04-14
323,Padget,pvasichev8y@state.tx.us,632,2023-06-21
324,Clarette,ctordiffe8z@scribd.com,884,2023-05-27
325,Juliane,jroman90@msu.edu,471,2022-11-24
326,Faye,fbrislane91@ucoz.ru,717,2023-10-15
327,Adrian,aepton92@rakuten.co.jp,398,2022-12-21
328,Jewelle,jplaschke93@chronoengine.com,678,2022-12-23
329,Casey,cfranks94@elpais.com,839,2023-04-12
330,Lincoln,lstoffer95@nih.gov,493,2023-08-26
331,Clemence,cswindell96@state.gov,768,2023-04-03
332,Kamillah,krobardey97@bloglovin.com,913,2023-01-17
333,Jonie,jpatshull98@scientificamerican.com,20,2023-08-02
334,Veda,vswyersexey99@goo.gl,814,2023-09-20
335,Laryssa,lbrouncker9a@wsj.com,220,2023-09-03
336,Taber,tconnachan9b@ning.com,845,2022-11-28
337,Thaddus,tcassidy9c@opensource.org,973,2023-02-07
338,Nonie,nmulliss9d@wikimedia.org,647,2023-06-05
339,Clevey,coffer9e@jalbum.net,586,2023-08-28
340,Marlane,msibary9f@posterous.com,467,2023-05-07
341,Domini,dquogan9g@cyberchimps.com,989,2022-12-26
342,Siffre,slode9h@google.com.br,305,2023-05-31
343,Ingrid,iellin9i@xing.com,275,2023-02-17
344,Hamil,hsummerell9j@unesco.org,120,2023-11-07
345,Seline,slowseley9k@earthlink.net,436,2023-07-23
346,Walsh,wmcgourty9l@harvard.edu,385,2023-01-10
347,Cristen,cranson9m@gizmodo.com,896,2023-05-26
348,Jule,jromaine9n@instagram.com,915,2023-01-25
349,Leigh,lfilipchikov9o@bing.com,601,2023-07-28
350,Eolande,emaddaford9p@wikia.com,173,2023-07-18
351,Karlyn,kpasmore9q@illinois.edu,442,2023-02-14
352,Barbara,bgreasley9r@wikimedia.org,37,2023-05-01
353,Cristie,clightbourne9s@mozilla.org,284,2023-04-15
354,Cameron,cbumphrey9t@sphinn.com,768,2023-07-10
355,Adolf,ablay9u@weebly.com,60,2023-09-23
356,Carey,cmcquilty9v@wikipedia.org,23,2023-01-21
357,Bucky,bvamplus9w@tinypic.com,940,2023-04-11
358,Caro,cshout9x@is.gd,860,2023-10-21
359,Dallas,ddarte9y@cyberchimps.com,248,2023-02-15
360,Camella,chanrahan9z@godaddy.com,417,2023-04-02
361,Selby,sdrewsa0@ft.com,16,2023-10-16
362,Darill,drupricha1@wikia.com,741,2023-05-25
363,Mirabel,mwelchmana2@cbslocal.com,846,2023-08-04
364,Rudolph,rpreedya3@weebly.com,60,2023-11-17
365,Fonzie,fblackburna4@ibm.com,274,2023-11-04
366,Hervey,hhornunga5@google.ru,714,2023-11-19
367,Sheilah,sbingea6@home.pl,263,2023-02-13
368,Austin,acosleya7@cdbaby.com,863,2023-01-08
369,Merl,measoma8@sina.com.cn,410,2023-10-19
370,Tonya,tsketha9@a8.net,210,2023-08-19
371,Charlotte,ckiggelaa@vkontakte.ru,193,2023-09-06
372,Chrissy,czanioloab@mashable.com,682,2023-08-13
373,Honoria,hblayneyac@salon.com,284,2023-07-08
374,Jolene,jbernardonad@springer.com,28,2023-09-20
375,Case,csulllyae@exblog.jp,562,2023-06-17
376,Wain,wmccourtieaf@harvard.edu,480,2023-07-01
377,Philippe,psmedleyag@eepurl.com,225,2023-10-29
378,Hilton,hbenezetah@histats.com,411,2023-05-24
379,Hanson,htrenchardai@msn.com,256,2023-06-03
380,Eamon,eaudenaj@blogtalkradio.com,918,2023-01-22
381,Evania,edemougeotak@creativecommons.org,672,2022-11-28
382,Peria,plackneyal@canalblog.com,519,2023-07-21
383,Ellette,esayleam@opensource.org,527,2023-07-09
384,Egon,emurfinan@shutterfly.com,952,2023-04-01
385,Archer,aairetonao@mail.ru,483,2023-01-12
386,Silvio,sfrippsap@nationalgeographic.com,801,2023-01-18
387,Francklyn,fhalesaq@vinaora.com,49,2023-11-21
388,Frederique,fsemechikar@newyorker.com,475,2023-04-25
389,Mata,mpulestonas@shinystat.com,585,2023-02-19
390,Cathi,ccurrorat@discovery.com,166,2023-08-12
391,Esme,eziniau@biglobe.ne.jp,664,2023-10-10
392,Lurleen,lsavoryav@wikipedia.org,172,2023-11-20
393,Reina,rcreiganaw@wp.com,110,2023-11-01
394,Bria,bfeanderax@ehow.com,529,2023-06-16
395,Leora,lberardtay@youku.com,733,2023-07-24
396,Babs,bsivioraz@php.net,330,2023-05-22
397,Tammy,tcapperb0@ucoz.ru,665,2022-12-11
398,Cordelie,cgreatedb1@istockphoto.com,901,2023-11-19
399,Elysha,erustb2@marketwatch.com,386,2023-08-27
400,Hedda,hrittmeierb3@slashdot.org,968,2023-07-27
401,Kaiser,kdartnellb4@simplemachines.org,428,2023-09-16
402,Asia,agrassettb5@infoseek.co.jp,575,2023-06-04
403,Livvy,ltreatb6@about.com,776,2023-09-05
404,Lonee,ledrichb7@thetimes.co.uk,784,2023-10-03
405,Phoebe,pyakovlivb8@fda.gov,220,2023-10-14
406,Kalindi,kburnsidesb9@marriott.com,555,2023-10-13
407,Sherman,spettigrewba@storify.com,400,2023-08-18
408,Sandie,scallambb@va.gov,782,2023-10-12
409,Myriam,mweagenerbc@etsy.com,122,2023-11-20
410,Zaneta,znevinsonbd@japanpost.jp,803,2023-05-13
411,Nap,ndenacampbe@shinystat.com,122,2023-03-15
412,Agnella,abuckenhillbf@dailymotion.com,20,2023-03-10
413,Seka,spersittbg@imageshack.us,825,2023-08-28
414,Raddy,rmckoybh@dot.gov,697,2023-04-21
415,Orelle,odoucebi@tripod.com,22,2023-06-30
416,Coop,cfernantbj@webs.com,708,2022-12-04
417,Thorstein,tturpiebk@mtv.com,975,2023-03-28
418,Enrico,eivanenkovbl@dropbox.com,472,2023-08-23
419,Nolie,nsammebm@cyberchimps.com,566,2023-10-12
420,Opal,obaxsterbn@moonfruit.com,809,2023-05-06
421,Ebony,eduminibo@quantcast.com,13,2022-12-01
422,Libbey,lmaddockbp@creativecommons.org,560,2023-08-17
423,Fayre,fsaurinbq@uol.com.br,214,2023-07-05
424,Kori,kkinnanebr@cargocollective.com,250,2023-06-28
425,Belia,bdockerbs@bandcamp.com,154,2023-09-12
426,Syman,speronebt@state.gov,291,2023-03-10
427,Madel,mwadsworthbu@statcounter.com,275,2023-03-26
428,Tana,tbettlesbv@moonfruit.com,627,2023-07-03
429,Pauly,pjuanesbw@rediff.com,182,2023-02-20
430,Hunt,hventumbx@cyberchimps.com,679,2023-11-06
431,Daniela,dtrewmanby@bloomberg.com,491,2023-03-16
432,Melantha,mdodsonbz@shop-pro.jp,992,2023-09-03
433,Anjanette,ahansanac0@posterous.com,46,2023-02-02
434,Eduardo,eorrahc1@npr.org,156,2022-12-02
435,Cecil,cfridayc2@dell.com,423,2023-11-10
436,Gordon,gvonweldenc3@behance.net,509,2023-03-31
437,Cleavland,csacchettic4@ocn.ne.jp,321,2023-07-04
438,Harald,humfreyc5@google.nl,294,2023-07-31
439,Cleon,cohlsenc6@last.fm,735,2023-04-22
440,Esme,elangcasterc7@cisco.com,75,2023-07-18
441,Cassondra,cdominicoc8@symantec.com,496,2023-11-20
442,Katine,kmcginnisc9@bing.com,74,2023-10-13
443,Nathanil,nbarthelmeca@nps.gov,33,2022-12-17
444,Kerianne,kcoundleycb@stumbleupon.com,636,2023-02-21
445,Katee,krenshellcc@bloomberg.com,618,2023-07-17
446,Tonye,tgeggiecd@sitemeter.com,887,2023-07-05
447,Robbyn,rkernance@nih.gov,764,2022-12-14
448,Cristal,chabberjamcf@cloudflare.com,543,2023-03-21
449,Dieter,dmanuelcg@indiegogo.com,77,2023-07-17
450,Emelia,esherbrookch@cdbaby.com,980,2023-02-06
451,Nettie,nzackci@redcross.org,938,2023-03-16
452,Arielle,ahennemanncj@google.nl,481,2023-05-10
453,Rodi,rcoltartck@wunderground.com,847,2023-03-20
454,Ashlee,apettifercl@netscape.com,456,2023-05-02
455,Sasha,schaffecm@friendfeed.com,246,2023-09-13
456,Tonye,tsaltmarshecn@dropbox.com,856,2023-02-19
457,Kimbra,kbawdenco@oakley.com,124,2023-01-10
458,Oneida,oollivercp@arizona.edu,967,2023-01-29
459,Puff,ptamplingcq@nyu.edu,785,2023-05-28
460,Barnaby,bbourgourcr@simplemachines.org,212,2022-12-10
461,Adelbert,atebbittcs@pcworld.com,575,2023-04-08
462,Peadar,pmatejkact@imageshack.us,564,2023-03-27
463,Hershel,hlhommeaucu@vk.com,353,2023-05-27
464,Nathan,ntundercv@blogger.com,668,2023-08-17
465,Stormy,skrzysztofcw@usnews.com,940,2023-02-12
466,Sonni,smurphycx@google.es,990,2023-11-19
467,Maegan,msabycy@facebook.com,494,2023-09-23
468,Sheridan,sboothecz@meetup.com,333,2023-10-29
469,Branden,bkaysord0@dagondesign.com,974,2023-10-25
470,Park,pbedhamd1@liveinternet.ru,288,2023-04-15
471,Wayland,wbrabbend2@nhs.uk,228,2022-12-31
472,Kiri,kegintond3@yale.edu,268,2023-08-07
473,Coriss,ccasacciad4@creativecommons.org,39,2023-07-17
474,Maddy,mesomed5@unblog.fr,578,2023-06-26
475,Leona,lbeechamd6@mlb.com,641,2022-12-11
476,Rosana,rkerd7@instagram.com,946,2023-02-28
477,Clarey,charwelld8@aboutads.info,356,2023-07-08
478,Guido,ghollidged9@squidoo.com,573,2022-12-27
479,Delinda,dscothornda@theglobeandmail.com,632,2023-04-13
480,Claude,cpickvancedb@tinyurl.com,692,2023-09-02
481,Bettina,bhallandc@guardian.co.uk,568,2022-12-05
482,Barbie,bjuanesdd@devhub.com,213,2023-11-06
483,Ula,unilgesde@rambler.ru,353,2023-10-02
484,Gilda,gheffydf@domainmarket.com,487,2023-08-31
485,Aubrey,ahussetdg@cnet.com,336,2023-08-06
486,Hayley,hcupittdh@myspace.com,838,2023-04-12
487,Roselin,rbasnettdi@amazon.co.uk,997,2023-01-21
488,Lambert,lstorckdj@timesonline.co.uk,303,2023-02-20
489,Joey,jmchandk@aboutads.info,744,2023-09-27
490,Stephenie,sdowearsdl@oakley.com,761,2023-09-29
491,Garnette,gackrilldm@google.com.hk,801,2023-06-20
492,Aryn,anormanvilledn@github.io,646,2023-04-30
493,Marabel,mgabeldo@ezinearticles.com,440,2022-12-14
494,Madlen,mvashchenkodp@blogspot.com,188,2022-12-15
495,Hatty,hashbrookdq@usa.gov,429,2023-01-18
496,Pascale,pearydr@vk.com,343,2023-08-09
497,Magda,mbernadeds@alexa.com,184,2023-02-13
498,Cointon,cspurdendt@salon.com,511,2023-01-15
499,Ross,rgildeadu@ft.com,441,2023-09-06
500,Duane,dmatejkadv@geocities.jp,395,2023-11-12
501,Paxton,psyddiedw@yellowbook.com,54,2023-08-30
502,Darice,dkillingworthdx@squarespace.com,940,2023-10-17
503,Alysa,arosenthaldy@ebay.co.uk,775,2023-05-21
504,Giles,gnorsisterdz@si.edu,780,2022-11-27
505,Jasen,jmartellinie0@symantec.com,360,2023-03-14
506,Lyda,lblackneye1@quantcast.com,362,2023-10-12
507,Kermit,kcarncrosse2@epa.gov,802,2023-11-09
508,Nellie,nmcgilvrae3@columbia.edu,547,2023-04-02
509,Patricio,pcliftone4@shareasale.com,267,2023-08-09
510,Luella,lgarleee5@pen.io,502,2023-07-16
511,Nikos,nemerinee6@wikipedia.org,966,2023-01-27
512,Kathryn,kpashenkove7@huffingtonpost.com,852,2022-12-08
513,Corri,cdonane8@blogs.com,975,2023-10-11
514,Julina,jboultwoode9@vinaora.com,661,2023-08-31
515,Giacobo,ggeaneea@stanford.edu,312,2023-04-30
516,Ardith,arougheb@indiegogo.com,676,2023-04-17
517,Kayley,kmelmarec@oakley.com,265,2023-11-10
518,Olin,omcsporoned@wisc.edu,45,2023-09-05
519,Selma,slivesayee@statcounter.com,386,2023-08-13
520,Denis,dmephanef@icq.com,78,2022-12-06
521,Innis,isandbatcheg@prlog.org,207,2023-08-05
522,Ricardo,rwindybankeh@cloudflare.com,193,2022-12-06
523,Lucilia,lcarefullei@trellian.com,734,2023-07-11
524,Cordell,cblackej@msn.com,817,2022-12-01
525,Malvina,mbeakeek@blogger.com,697,2022-12-12
526,Roselle,rvitteel@squarespace.com,532,2023-11-19
527,Marga,mcolmerem@marriott.com,677,2023-03-10
528,Stanley,smccarden@google.ru,375,2023-09-29
529,Henrie,hpeapleeo@ucoz.com,342,2023-09-09
530,Janice,jbuggep@dot.gov,389,2023-01-30
531,Auroora,ashercliffeq@twitter.com,933,2023-04-01
532,Dermot,dscarreer@nationalgeographic.com,579,2023-07-13
533,Margarette,mliliones@phoca.cz,235,2022-11-24
534,Mariellen,mvillierset@tripadvisor.com,698,2023-10-10
535,Say,sgleadhelleu@ft.com,322,2023-02-06
536,Gaven,gedlingtonev@google.de,315,2023-03-06
537,Kayle,kcrumptonew@wsj.com,763,2022-12-29
538,Emmy,esampeyex@eepurl.com,374,2023-07-07
539,Matilde,mtinghilley@reference.com,569,2023-06-11
540,Denny,dcrommettez@posterous.com,918,2023-07-12
541,Dewey,dbraveyf0@nationalgeographic.com,407,2023-07-10
542,Missie,meassebyf1@comcast.net,809,2022-12-21
543,Evangelina,edifriscof2@dropbox.com,749,2023-03-21
544,Petronilla,pscudderf3@addthis.com,246,2023-03-13
545,Sinclare,sbuzzingf4@answers.com,501,2023-11-11
546,Harriott,hvogeleinf5@yale.edu,888,2023-05-06
547,Rollo,rgeggusf6@elegantthemes.com,150,2023-04-03
548,Rayna,rtriggf7@joomla.org,793,2023-05-12
549,Julie,jswyref8@qq.com,11,2023-11-09
550,Markos,mrodolfif9@unicef.org,81,2022-12-09
551,Sheilakathryn,sbowlerfa@qq.com,616,2023-10-14
552,Dorothy,dscudfb@ucoz.ru,412,2023-09-09
553,Tanney,tbarrottfc@mapy.cz,904,2023-04-11
554,Joice,joxtarbyfd@eepurl.com,252,2023-04-20
555,Justino,jabbotsfe@ca.gov,648,2023-01-08
556,Yalonda,yfrancescoff@hatena.ne.jp,786,2023-06-24
557,Wally,wjarrittfg@berkeley.edu,843,2023-06-15
558,Kinny,kosullivanfh@smh.com.au,134,2023-01-03
559,Jennilee,jkingswoodfi@cisco.com,546,2022-11-28
560,Wadsworth,wcraiggfj@exblog.jp,47,2023-03-26
561,Meggie,mgambrellfk@aol.com,237,2022-12-08
562,Parsifal,pmooresfl@bloglines.com,429,2023-07-19
563,Terry,tmacianfm@friendfeed.com,214,2023-02-11
564,Gunther,gpantlingfn@merriam-webster.com,925,2023-03-05
565,Arleta,atewkesberryfo@senate.gov,775,2023-01-01
566,Rina,rferrolifp@yelp.com,992,2023-08-21
567,Morry,mmatyushkinfq@hexun.com,363,2023-09-20
568,Elfrieda,ekibardfr@aboutads.info,197,2023-08-27
569,Chrisse,ceynaudfs@loc.gov,225,2022-12-11
570,Rand,rcoolbearft@yelp.com,571,2022-12-27
571,Darill,dkopmannfu@dot.gov,272,2023-07-13
572,Ilysa,ikellettfv@over-blog.com,363,2023-02-14
573,Gussi,gdunnanfw@ft.com,268,2023-07-03
574,Janina,jcrumbyfx@rakuten.co.jp,894,2023-09-18
575,Carmita,cstredderfy@nps.gov,542,2023-10-02
576,Sherwynd,swetherbyfz@biblegateway.com,661,2023-01-31
577,Erin,ebilstong0@ebay.co.uk,316,2023-09-14
578,Anatola,abowlingg1@over-blog.com,232,2023-04-05
579,Catrina,cfilippog2@csmonitor.com,39,2023-05-31
580,Kellyann,kturlandg3@walmart.com,824,2022-12-10
581,Pamelina,palbiong4@desdev.cn,744,2023-06-06
582,Aldrich,awhittleg5@ycombinator.com,255,2023-09-06
583,Kyle,kharkerg6@sun.com,58,2023-02-14
584,Wyndham,wswannellg7@so-net.ne.jp,575,2023-10-24
585,Waite,wprettyjohnsg8@cornell.edu,426,2023-01-12
586,Fonsie,fgetteng9@printfriendly.com,61,2023-08-22
587,Benedikt,bblindtga@weather.com,714,2023-05-30
588,Lowe,lcarslawgb@zimbio.com,50,2023-04-09
589,Gertruda,gbrownillgc@ucla.edu,45,2023-05-22
590,Pamella,pchomleygd@yellowbook.com,11,2022-11-26
591,Jens,jpoterge@instagram.com,290,2023-11-14
592,Cort,cscorahgf@google.nl,43,2023-10-27
593,Gusti,gsouttergg@illinois.edu,5,2023-05-11
594,Frank,fdarquegh@mapy.cz,410,2023-02-24
595,Iormina,ijoveygi@guardian.co.uk,160,2023-09-18
596,Simonette,sfeuellgj@123-reg.co.uk,882,2023-01-16
597,Sebastiano,sgrievsongk@blogs.com,582,2023-01-22
598,Peri,pfallowfieldgl@hao123.com,809,2023-09-15
599,Viviene,vrudderhamgm@buzzfeed.com,325,2023-01-03
600,Mil,mrevelygn@lycos.com,760,2023-05-28
601,Billi,bkennairdgo@1688.com,749,2023-10-11
602,Lilian,lgolthorppgp@weebly.com,522,2023-08-27
603,Kikelia,kdaddsgq@cmu.edu,960,2023-03-01
604,Jorry,jhounshamgr@github.io,74,2023-06-16
605,Ulrick,udishmongs@archive.org,858,2023-07-12
606,Nancee,ncorneillegt@cbsnews.com,75,2023-07-31
607,Debbi,dchaffegu@xing.com,187,2023-02-28
608,Drud,dhawkeridgegv@tamu.edu,333,2023-11-21
609,Sean,sblowingw@ucoz.com,964,2023-04-24
610,Milton,mslitegx@hc360.com,965,2022-12-09
611,Jacynth,jborzonegy@marketwatch.com,368,2023-11-01
612,Adele,apoughergz@bloglines.com,731,2022-12-11
613,Florida,fmurrillh0@buzzfeed.com,206,2023-03-01
614,Bartolomeo,breddieh1@washington.edu,669,2023-02-06
615,Jena,jlatliffh2@freewebs.com,656,2023-06-12
616,Husain,hvannuchih3@bizjournals.com,449,2023-09-23
617,Bax,bpomphreyh4@shop-pro.jp,850,2023-11-05
618,Katerine,kdelafonth5@soundcloud.com,175,2023-11-05
619,Bevan,btolemanh6@alibaba.com,299,2023-11-13
620,Baily,bgirardinh7@illinois.edu,431,2023-01-04
621,Zacharie,zborrotth8@webeden.co.uk,380,2023-11-13
622,Nathaniel,nskaymanh9@amazonaws.com,803,2023-04-16
623,Tammara,tjantzenha@live.com,535,2023-11-03
624,Suzanne,sgoodletthb@topsy.com,698,2023-04-28
625,Lyndy,lchampionnethc@goodreads.com,217,2023-08-05
626,Jeremy,jallebonehd@ezinearticles.com,535,2023-01-02
627,Cordie,clyvenhe@behance.net,318,2023-08-16
628,Hildegaard,hmcgerraghtyhf@desdev.cn,25,2023-08-23
629,Far,fwenningtonhg@oracle.com,135,2023-06-15
630,Wilhelm,wfiddyhh@csmonitor.com,873,2023-10-19
631,Julina,jpeakmanhi@foxnews.com,667,2023-03-05
632,Rebbecca,rsillishj@xrea.com,110,2023-07-10
633,Meryl,mmartynshk@nytimes.com,387,2023-08-07
634,Eulalie,ebroaderhl@tinypic.com,528,2023-02-06
635,Currey,cbranstonhm@hibu.com,111,2023-11-14
636,Rachelle,rofahertyhn@sun.com,759,2023-06-16
637,Shannah,sgoncavesho@pcworld.com,423,2023-10-27
638,Melisenda,mbabingtonhp@multiply.com,332,2023-04-17
639,Lincoln,lfackrellhq@marketwatch.com,679,2023-09-19
640,Reta,rlukinshr@techcrunch.com,619,2023-01-22
641,Palm,ppittockhs@reference.com,639,2023-01-28
642,Elvina,ellywarchht@cdc.gov,691,2023-01-19
643,Leshia,lwordsworthhu@trellian.com,585,2023-06-20
644,Dallas,dchalleshv@ucsd.edu,582,2023-05-02
645,Nikolia,nblundinhw@prnewswire.com,852,2023-10-28
646,Siward,smitchelmorehx@dailymotion.com,987,2023-07-06
647,Merline,mtidswellhy@whitehouse.gov,474,2023-11-18
648,Christyna,ckondratovichhz@mit.edu,538,2023-09-17
649,Alexandrina,alynami0@xing.com,614,2023-01-11
650,Boris,bhowdeni1@vimeo.com,951,2023-02-03
651,Christy,ckmicickii2@wix.com,894,2023-06-22
652,Ddene,ddadgei3@wufoo.com,210,2023-07-03
653,Augie,achesshirei4@tiny.cc,58,2023-02-24
654,Lynnet,lcaddani5@prweb.com,876,2023-08-06
655,Roanna,rlyveri6@mit.edu,132,2023-06-21
656,Melisent,mbrudenelli7@dot.gov,934,2023-09-17
657,Stephan,spriddeyi8@live.com,456,2023-03-27
658,Olenolin,ofrounksi9@skype.com,782,2023-06-21
659,Orazio,obradeia@icio.us,647,2023-01-10
660,Konstanze,klepereib@arizona.edu,148,2023-08-13
661,Son,sriggollic@alexa.com,675,2023-05-14
662,Horten,hgoffeid@europa.eu,661,2023-09-12
663,Cointon,cfraynie@dmoz.org,137,2023-06-20
664,Harlie,hedelheitif@feedburner.com,932,2023-05-25
665,Terri,tellumig@jigsy.com,751,2023-01-10
666,Candi,cbruyettih@webmd.com,520,2023-10-20
667,Sile,sgunterii@fastcompany.com,473,2023-06-18
668,Pepita,pdodsij@newsvine.com,809,2023-07-16
669,Jorry,jmcnameeik@360.cn,162,2023-11-04
670,Sallyanne,scoltenil@merriam-webster.com,793,2022-12-24
671,Galvin,gwhitnallim@redcross.org,396,2023-02-12
672,Dore,dburkinshawin@is.gd,126,2023-05-21
673,Gillan,gerickssenio@cornell.edu,608,2023-05-11
674,Dion,desserip@umich.edu,845,2023-06-30
675,Kassi,kwardaleiq@a8.net,698,2023-06-27
676,Marcy,medmeadsir@diigo.com,548,2023-09-11
677,Darcie,dmaccarteris@pinterest.com,168,2023-10-12
678,Frazer,flillgardit@domainmarket.com,219,2022-12-23
679,Toddy,tmostyniu@home.pl,101,2023-03-05
680,Dotti,dmowsdaleiv@webeden.co.uk,383,2023-03-04
681,Rancell,rbaszniakiw@nymag.com,465,2023-06-19
682,Alameda,amitrovicix@google.ru,251,2022-12-04
683,Sadye,ssheplandiy@comcast.net,873,2023-08-14
684,Kirstin,kdeakinsiz@histats.com,660,2023-05-01
685,Stacy,smcghiej0@un.org,366,2023-03-11
686,Bonnibelle,bmenichinij1@ucoz.com,764,2023-07-30
687,Liuka,lcrawj2@amazonaws.com,752,2023-09-07
688,Orren,oskaifedingerthorpej3@ucoz.com,89,2023-03-18
689,Donal,dkneej4@cisco.com,891,2023-04-02
690,Pippy,prodgierj5@webmd.com,294,2023-06-22
691,Lucho,lrosenzveigj6@hugedomains.com,608,2023-05-24
692,Baldwin,bjacklinj7@mapquest.com,511,2023-05-26
693,Hilary,hwriterj8@typepad.com,843,2023-06-02
694,Margalo,mbrawsonj9@columbia.edu,328,2022-12-14
695,Risa,rcourseja@wix.com,469,2023-06-15
696,Rosalyn,rbengaljb@theatlantic.com,276,2023-10-27
697,Far,fwoodagejc@reference.com,594,2023-07-24
698,Pavla,psamwayejd@examiner.com,803,2023-04-04
699,Laural,llabernje@blogs.com,953,2023-09-24
700,Allix,awelbeckjf@shutterfly.com,915,2023-02-21
701,Gregory,gyurenevjg@shutterfly.com,801,2023-10-27
702,Antonio,agotterjh@xrea.com,714,2023-01-20
703,Emile,ehaestierji@nba.com,423,2022-12-27
704,Bengt,bdaldanjj@51.la,600,2023-05-25
705,Innis,imaultbyjk@tamu.edu,543,2023-10-21
706,Freddie,fgarterjl@live.com,453,2023-11-15
707,Esdras,eabramamovjm@mlb.com,508,2023-04-23
708,Stephie,sdykinsjn@thetimes.co.uk,427,2023-11-06
709,Catha,cbausorjo@fda.gov,969,2023-02-07
710,Ethyl,emccalisterjp@timesonline.co.uk,245,2023-10-10
711,Randi,rgebbyjq@exblog.jp,625,2023-08-01
712,Warden,wwhartonjr@eventbrite.com,996,2023-10-05
713,Marty,mridolfojs@youku.com,936,2023-07-05
714,Pierson,pmozzettijt@amazon.co.jp,358,2023-03-14
715,Simone,sdaryju@quantcast.com,563,2023-02-09
716,Amabelle,aleecejv@youku.com,411,2023-08-20
717,Isadore,istorriejw@paginegialle.it,893,2023-08-16
718,Rozina,rhackworthjx@diigo.com,4,2023-08-29
719,Christi,charnessjy@goo.gl,977,2023-03-20
720,Shell,sgreenhowejz@amazon.de,604,2023-11-05
721,Rae,rmoninik0@google.com.au,561,2023-09-11
722,Rock,rlevenk1@biglobe.ne.jp,109,2023-06-06
723,Padraic,psundink2@usnews.com,416,2022-12-09
724,Frieda,fgossingtonk3@amazonaws.com,79,2022-12-30
725,Jesse,jeardleyk4@dailymail.co.uk,756,2023-10-24
726,Dorisa,dgeipelk5@qq.com,466,2023-06-20
727,Nikoletta,nveltmank6@ning.com,809,2023-02-14
728,Pancho,pilyuchyovk7@latimes.com,831,2023-08-07
729,Annecorinne,awilliamsonk8@slate.com,639,2023-04-04
730,Guillema,gjenkisonk9@google.com.hk,947,2023-06-26
731,Cortney,ccrookallka@fda.gov,255,2023-11-18
732,Bernice,bbatchankb@intel.com,365,2023-10-25
733,Cris,chegartykc@goodreads.com,337,2022-12-02
734,Tarrah,tracciokd@biblegateway.com,541,2023-10-30
735,Calida,chemsteadke@twitter.com,902,2023-05-27
736,Jillayne,jdubbinkf@stanford.edu,305,2023-06-10
737,Fidelity,fscrivinkg@uol.com.br,681,2023-07-09
738,Shelagh,syanceykh@sciencedirect.com,994,2023-09-10
739,Shalom,sfeaviourki@pbs.org,456,2023-06-01
740,Myer,mfiddimankj@twitter.com,694,2023-06-24
741,Drugi,dmutterkk@quantcast.com,179,2022-12-20
742,Janet,jtelfordkl@boston.com,600,2023-04-24
743,Luisa,lbreawoodkm@imdb.com,775,2023-10-01
744,Netti,ndimbylowkn@goo.ne.jp,437,2023-10-11
745,Cordie,cmarcombeko@oakley.com,254,2023-03-03
746,Rosanne,rhabbinkp@photobucket.com,352,2023-03-01
747,Nap,nmarciekkq@squidoo.com,187,2023-03-29
748,Rustie,rdelacostekr@over-blog.com,806,2023-08-04
749,Lorrie,leckartks@oaic.gov.au,869,2023-08-25
750,Martita,mmableykt@auda.org.au,402,2023-04-27
751,Noemi,nschoenfischku@altervista.org,754,2023-03-11
752,Miltie,mmcshanekv@google.com,809,2023-04-01
753,Yolane,ycominolikw@theglobeandmail.com,645,2023-07-30
754,Arline,awallskx@tuttocitta.it,379,2023-09-17
755,Shaina,sdoberky@washington.edu,268,2023-06-21
756,Renelle,rsprosonkz@blinklist.com,586,2023-09-26
757,Joannes,jblakeleyl0@soundcloud.com,476,2023-03-15
758,Lucina,lstonhardl1@desdev.cn,539,2023-04-10
759,Fonsie,fcanadasl2@cloudflare.com,761,2023-05-27
760,Ardeen,amcmennuml3@dailymail.co.uk,599,2023-01-23
761,Darell,dblundelll4@eepurl.com,110,2023-02-06
762,Milzie,mmoenl5@scribd.com,123,2023-11-09
763,Elmo,eraisonl6@jiathis.com,270,2023-04-20
764,Fayette,fpolettol7@stumbleupon.com,160,2023-09-01
765,Miles,mdowsl8@whitehouse.gov,160,2023-11-07
766,Verena,voswickl9@epa.gov,680,2023-07-05
767,Neville,ndeveralela@mayoclinic.com,241,2022-12-09
768,Karie,ktremathacklb@hhs.gov,541,2023-03-22
769,Ermin,eekkellc@archive.org,993,2023-09-23
770,Celestyna,cdysartld@a8.net,753,2023-03-16
771,Yolane,ynaglele@bandcamp.com,552,2023-02-26
772,Morgen,mmcdouglelf@scribd.com,130,2023-08-04
773,Cory,cspurmanlg@buzzfeed.com,481,2023-02-21
774,Loria,lalcornlh@mac.com,59,2022-12-28
775,Hanna,hmccrawli@soundcloud.com,696,2023-01-30
776,Gilbert,gtempertonlj@yahoo.com,461,2023-01-29
777,Bjorn,btrythalllk@creativecommons.org,870,2023-05-24
778,Bernie,bsabbinll@hud.gov,364,2023-08-23
779,Ambrosi,aoxborrowlm@storify.com,329,2023-04-27
780,Sharona,ssambellln@miibeian.gov.cn,98,2023-09-30
781,Herve,htantrumlo@un.org,871,2023-04-25
782,Carmelina,ckinchingtonlp@ezinearticles.com,53,2023-01-07
783,Lance,lmenilovelq@newsvine.com,372,2023-03-28
784,Tierney,tkneelandlr@photobucket.com,133,2023-04-16
785,Maxi,mfarnellls@guardian.co.uk,207,2023-07-11
786,Donnell,dbyrcherlt@soundcloud.com,196,2023-05-07
787,Grier,glukerlu@ehow.com,399,2023-11-19
788,Katee,kmartinellilv@un.org,639,2023-11-14
789,Yehudit,ylilleycroplw@google.com.hk,96,2022-11-24
790,Tabina,tlomasnylx@wordpress.com,946,2023-01-29
791,Ashil,abennetonly@gravatar.com,499,2023-06-02
792,Justinian,jrealz@digg.com,735,2023-10-23
793,Val,vkilmurraym0@columbia.edu,745,2023-06-30
794,Wallis,welizabethm1@bluehost.com,702,2022-12-13
795,Denys,dsquirrelm2@usa.gov,833,2023-05-24
796,Almire,amckinnam3@ebay.com,361,2023-07-01
797,Susana,sabarrowm4@tripadvisor.com,430,2023-07-19
798,Dotty,dpearcym5@sfgate.com,484,2023-11-01
799,Nellie,nstockdalem6@topsy.com,342,2023-08-18
800,Basil,bpitcaithlym7@answers.com,571,2023-04-07
801,Dimitri,daaronm8@google.fr,421,2023-11-12
802,Pacorro,phowittm9@discuz.net,443,2023-09-03
803,Rolph,rbroxholmema@purevolume.com,316,2023-06-26
804,Scarlett,scassellmb@last.fm,854,2023-02-06
805,Romain,rbernetmc@squidoo.com,54,2023-09-08
806,Reece,rrobkermd@mtv.com,688,2023-03-17
807,Charline,cfrankishme@ebay.co.uk,606,2023-08-25
808,Axel,apettittmf@delicious.com,587,2023-07-03
809,Monica,mkaretmg@fotki.com,31,2023-05-04
810,Joellyn,jmorinmh@google.pl,670,2023-08-23
811,Earlie,eplaxtonmi@hud.gov,947,2023-01-13
812,Chloette,cbarmbymj@state.tx.us,445,2023-10-06
813,Guendolen,gscimonemk@unicef.org,25,2023-08-17
814,Gillie,gharnessml@sbwire.com,657,2022-12-07
815,Candace,cjaycockmm@mozilla.org,684,2023-01-11
816,Deck,divanyushkinmn@epa.gov,470,2023-02-23
817,Mercedes,mfarndellmo@marketwatch.com,83,2023-07-28
818,Shirleen,sspindlermp@cargocollective.com,157,2023-03-13
819,Marisa,mhallittmq@booking.com,667,2023-09-06
820,Nadine,nreinertmr@yahoo.com,315,2023-06-08
821,Yasmeen,ymellmothms@tumblr.com,476,2022-12-12
822,Curr,carmitagemt@samsung.com,688,2023-10-11
823,Alanna,acritchermu@clickbank.net,671,2022-12-31
824,Bobbee,bsaultermv@ucsd.edu,750,2023-06-28
825,Charleen,ctorresimw@unc.edu,941,2023-01-30
826,Bebe,bblackallermx@youtube.com,839,2023-04-02
827,Birk,bquilliammy@amazon.co.jp,393,2023-02-27
828,Linette,lsheremz@t.co,942,2023-06-16
829,Muire,mdaubenyn0@biglobe.ne.jp,254,2023-04-02
830,Rubin,rspeariettn1@baidu.com,765,2023-05-09
831,Tiphani,tburgesn2@arstechnica.com,838,2023-06-21
832,Bar,bmatterfacen3@freewebs.com,922,2023-08-15
833,Feodor,famorinen4@techcrunch.com,597,2023-05-09
834,Gibb,ggosbyn5@elegantthemes.com,943,2023-07-12
835,Enid,eharmantn6@wordpress.com,887,2023-02-27
836,Dill,dheaphyn7@wikimedia.org,462,2023-04-09
837,Leisha,lchilleyn8@hhs.gov,744,2023-02-11
838,Quincy,qocarrann9@1688.com,321,2023-09-25
839,Analise,aodyvoyna@cnbc.com,702,2023-02-25
840,Deloria,dbrodestnb@fastcompany.com,856,2023-09-09
841,Tudor,tbelshernc@xing.com,358,2022-12-15
842,Leisha,lstothartnd@upenn.edu,489,2022-12-04
843,Abigail,aandrionine@digg.com,287,2023-11-15
844,Marijo,mmionnf@sbwire.com,560,2023-04-07
845,Rodge,rstrutherng@forbes.com,254,2023-10-13
846,Veronike,vflemmichnh@hugedomains.com,466,2023-11-13
847,Arlana,asnowmanni@spiegel.de,420,2023-02-05
848,Lethia,lbolandnj@ask.com,255,2023-10-01
849,Cristine,cmantripnk@archive.org,600,2023-05-01
850,Elston,esissotnl@merriam-webster.com,743,2023-07-20
851,Torrey,tkunnekenm@disqus.com,469,2023-08-22
852,Gasper,gsturdgessnn@ehow.com,90,2023-04-16
853,Meryl,msuttyno@utexas.edu,667,2023-06-15
854,Carlotta,cfusedalenp@geocities.jp,901,2023-10-09
855,Kirbie,kbeaconnq@sciencedirect.com,569,2023-03-11
856,Bink,bbibbnr@whitehouse.gov,112,2023-05-15
857,Puff,pcastanyerns@fastcompany.com,69,2023-10-24
858,Nancee,ngreenhousent@nbcnews.com,175,2023-04-07
859,Erasmus,efenichnu@cornell.edu,238,2023-10-27
860,Milt,mallsuppnv@is.gd,323,2023-03-22
861,Myca,mlimbournenw@wunderground.com,937,2022-12-16
862,Elisabet,esyndernx@facebook.com,302,2023-01-05
863,Ivett,iiannellony@buzzfeed.com,459,2023-10-12
864,Merrily,myerrillnz@surveymonkey.com,365,2023-09-16
865,Kalli,kquinello0@spiegel.de,630,2023-06-13
866,Zelda,zuccellio1@pbs.org,550,2023-06-20
867,Ines,irammo2@ihg.com,475,2022-12-13
868,Arv,ahallicko3@adobe.com,329,2023-10-14
869,Ronnie,rodneyo4@sphinn.com,552,2023-01-15
870,Carmon,cbakeupo5@sina.com.cn,440,2023-08-23
871,Douglass,dlauthiano6@shop-pro.jp,218,2023-03-19
872,Glendon,gmitkcovo7@newyorker.com,394,2023-05-11
873,Clarice,cquilliamo8@icio.us,24,2023-05-24
874,Halsey,hreyneo9@salon.com,579,2023-01-16
875,Mallory,mtellenbachoa@google.co.uk,349,2022-12-08
876,Jermaine,jscreaseob@huffingtonpost.com,312,2023-09-14
877,Karleen,klillfordoc@freewebs.com,782,2023-06-24
878,Cullin,cskuresod@barnesandnoble.com,474,2023-07-07
879,Aurie,amoverleyoe@github.io,647,2023-08-22
880,Shara,smackledenof@cbslocal.com,454,2023-04-16
881,Reade,rhoulstonog@surveymonkey.com,733,2023-03-23
882,Natka,ngavriellioh@mac.com,714,2023-06-09
883,Terrence,tizzatoi@tumblr.com,153,2023-02-28
884,Morganne,miozefovichoj@cdc.gov,535,2023-01-05
885,Sanderson,swaterstoneok@spiegel.de,472,2023-01-23
886,Wakefield,wmacdermandol@businessweek.com,289,2023-02-07
887,Pernell,pgummoryom@ox.ac.uk,805,2023-05-02
888,Clayson,ccokelyon@desdev.cn,985,2023-07-29
889,Fredericka,fvellenderoo@miitbeian.gov.cn,716,2023-03-12
890,Ulrick,uocarranop@wordpress.org,644,2023-01-26
891,Roshelle,rbrodneckeoq@samsung.com,82,2023-10-29
892,Mel,mskipponor@phpbb.com,784,2023-03-07
893,Jerald,jfleemanos@usda.gov,647,2023-10-05
894,Asia,aaleksandrikinot@squarespace.com,610,2023-07-29
895,Doroteya,dzarfatou@biglobe.ne.jp,793,2023-03-13
896,Franny,ftattersov@amazon.com,788,2023-01-26
897,Harlie,hfudgeow@xing.com,298,2023-10-13
898,Yankee,ygerretsenox@pinterest.com,517,2023-08-06
899,Thomasina,tlongoy@bloglines.com,893,2023-05-05
900,Bendix,bpettooz@wired.com,793,2023-06-25
901,Melina,mvanettip0@oaic.gov.au,51,2023-11-14
902,Phylys,pbernardeschip1@thetimes.co.uk,897,2023-11-04
903,Cassie,cgallallyp2@sun.com,233,2022-12-31
904,Guenevere,goverstonep3@feedburner.com,274,2023-09-24
905,Salem,sshakesbyp4@cargocollective.com,692,2023-09-02
906,Aldwin,abandp5@va.gov,652,2023-02-04
907,Harper,hsichardtp6@yolasite.com,921,2023-02-11
908,Randell,rcoventonp7@over-blog.com,129,2023-11-12
909,Burg,bmeinekingp8@auda.org.au,37,2023-09-08
910,Max,mfullstonep9@bing.com,150,2023-06-26
911,Anabal,azoanepa@51.la,260,2023-06-27
912,Rodina,rpattemorepb@bluehost.com,242,2022-12-22
913,Ahmad,asetchfieldpc@amazonaws.com,859,2022-12-18
914,Cris,cmacginlaypd@wikimedia.org,804,2023-03-07
915,Meara,mescudierpe@businessweek.com,21,2023-04-18
916,Linus,lboullerpf@blogger.com,616,2023-11-12
917,Rori,rrappapg@yellowbook.com,898,2023-03-09
918,Beaufort,blabrowph@bandcamp.com,897,2022-12-10
919,Marin,mradbornepi@vinaora.com,213,2023-08-07
920,Welby,wmeaneypj@php.net,100,2023-03-07
921,Kenn,klowseleypk@microsoft.com,85,2023-07-04
922,Sarge,sheggpl@shinystat.com,435,2023-06-03
923,Clea,cbraileypm@lycos.com,395,2023-10-04
924,Mallorie,mlunbechpn@ca.gov,418,2023-04-24
925,Berenice,blowndspo@amazon.de,967,2023-07-02
926,Abram,amulreanpp@earthlink.net,213,2023-11-13
927,Dalenna,dalgorepq@yolasite.com,956,2023-04-23
928,Ravid,rsemechikpr@ovh.net,559,2023-03-08
929,Cesare,cgallagherps@yandex.ru,999,2023-04-24
930,Joscelin,jgoingpt@vimeo.com,993,2023-05-24
931,Fawne,fbadmanpu@360.cn,269,2023-10-14
932,Ianthe,izielinskipv@cafepress.com,86,2023-01-31
933,Forbes,fthreadgouldpw@comsenz.com,901,2023-07-12
934,D'arcy,dfrankespx@hostgator.com,29,2023-01-06
935,Emilee,edeeslypy@epa.gov,960,2023-02-18
936,Monica,mbuneypz@mail.ru,916,2023-03-07
937,Myrtice,mfrainq0@1und1.de,163,2023-02-09
938,Thalia,tloraineq1@360.cn,786,2023-01-26
939,Dannye,dgodonq2@ucoz.ru,538,2023-09-24
940,Kimberlyn,kdriversq3@ihg.com,14,2023-05-10
941,Yancey,yberrillq4@twitter.com,466,2023-11-21
942,Jeni,jstobbsq5@fastcompany.com,634,2023-05-21
943,Martynne,msalernoq6@lycos.com,969,2023-04-18
944,Dolli,dclercq7@deviantart.com,294,2023-08-20
945,Delila,dsillq8@economist.com,744,2023-09-25
946,Estevan,eyarnq9@princeton.edu,183,2023-11-09
947,Karlen,kgreeveqa@hugedomains.com,751,2023-03-18
948,Shani,stomkinsqb@sfgate.com,509,2023-01-06
949,Hersh,hmuldrewqc@google.com,727,2023-01-02
950,Katuscha,kvelqd@washington.edu,658,2023-01-27
951,Baxy,bskeechqe@zdnet.com,614,2023-07-31
952,Emelina,ebeavenqf@yandex.ru,545,2023-06-27
953,Lydon,lrisleyqg@symantec.com,719,2022-12-11
954,Vidovik,vfitzgibbonqh@java.com,267,2023-08-14
955,Janith,jcalbreathqi@instagram.com,887,2022-12-27
956,Ricki,rnieceqj@elegantthemes.com,470,2023-01-23
957,Domini,dsterrickqk@fc2.com,307,2023-01-06
958,Collete,clattosql@ebay.com,860,2023-06-27
959,Maudie,mlilfordqm@blogger.com,718,2022-12-07
960,Faith,frozsaqn@i2i.jp,88,2023-03-16
961,Susy,sclampeqo@goo.ne.jp,456,2023-09-21
962,Derk,dbumbyqp@wsj.com,547,2023-07-31
963,Kellsie,kshrubbqq@nationalgeographic.com,556,2023-04-16
964,Arnaldo,ashaulqr@toplist.cz,221,2023-02-03
965,Stan,sgatleyqs@nih.gov,246,2023-09-26
966,Ryun,rtumpaneqt@mashable.com,789,2023-10-25
967,Padraic,pgiannoniqu@ucsd.edu,713,2023-11-15
968,Yul,ydudnyqv@eepurl.com,564,2023-09-28
969,Gusty,gfilyukovqw@reference.com,997,2023-11-13
970,Iormina,iwillcotqx@hugedomains.com,437,2023-04-14
971,Roana,rbrimilcombeqy@alibaba.com,20,2023-06-10
972,Wendi,wprobertqz@studiopress.com,20,2023-04-09
973,Giovanna,godeoranr0@merriam-webster.com,468,2023-10-21
974,Yancy,yrookwellr1@biglobe.ne.jp,378,2023-10-09
975,Nils,ncisnerosr2@howstuffworks.com,819,2023-10-17
976,Kacy,kjakubczykr3@creativecommons.org,607,2023-09-29
977,Jenni,jmacellarr4@last.fm,376,2022-11-30
978,Rubia,rmcgloughlinr5@jugem.jp,816,2023-11-03
979,Rosette,rmeehanr6@barnesandnoble.com,25,2023-01-05
980,Robbie,rvoulesr7@sohu.com,13,2023-05-08
981,Otto,olehemannr8@tripod.com,366,2023-07-22
982,Constantin,cjackmanr9@java.com,113,2023-05-01
983,Tabby,tlazonbyra@cloudflare.com,14,2023-07-01
984,Miguelita,mmuldrewrb@google.com,941,2023-10-23
985,Willdon,wgyllerc@cnbc.com,220,2023-09-14
986,Anitra,araecroftrd@is.gd,431,2023-08-17
987,Kalvin,kduggaryre@va.gov,234,2023-09-15
988,Tracie,twickendonrf@multiply.com,339,2023-06-10
989,Sherry,scousinsrg@army.mil,15,2023-09-11
990,Norah,nmaffeorh@ft.com,917,2023-05-02
991,Annis,aballochri@ox.ac.uk,373,2023-02-19
992,Doralin,dphilipeaurj@ucsd.edu,446,2023-03-01
993,Vincent,vtrahairrk@dailymail.co.uk,876,2023-10-04
994,Delmor,drantoullrl@rediff.com,554,2023-11-14
995,Nigel,npilfoldrm@ehow.com,336,2023-04-10
996,Erie,ebortolinirn@elegantthemes.com,239,2022-12-14
997,Wolf,whastinro@japanpost.jp,370,2023-10-20
998,Sarah,sansettrp@youku.com,146,2023-05-18
999,Eilis,emaydwellrq@microsoft.com,953,2023-07-15
1000,Maddi,mnevisonrr@ed.gov,338,2023-11-06
